Groep;KRWwatertype.code;Abundatieklasse;Categorie;Score;
;M1a;1;1;9;
;M1a;1;2;5;
;M1a;1;3;2;
;M1a;1;4;1;
;M1a;1;5;0;
;M1a;2;1;8;
;M1a;2;2;4;
;M1a;2;3;1;
;M1a;2;4;0;
;M1a;2;5;-2;
;M1a;3;1;6;
;M1a;3;2;3;
;M1a;3;3;0;
;M1a;3;4;-3;
;M1a;3;5;-9;
;M1b;1;1;9;
;M1b;1;2;5;
;M1b;1;3;2;
;M1b;1;4;1;
;M1b;1;5;0;
;M1b;2;1;8;
;M1b;2;2;4;
;M1b;2;3;1;
;M1b;2;4;0;
;M1b;2;5;-2;
;M1b;3;1;6;
;M1b;3;2;3;
;M1b;3;3;0;
;M1b;3;4;-3;
;M1b;3;5;-9;
;M2;1;1;9;
;M2;1;2;5;
;M2;1;3;2;
;M2;1;4;1;
;M2;1;5;0;
;M2;2;1;8;
;M2;2;2;4;
;M2;2;3;1;
;M2;2;4;0;
;M2;2;5;-2;
;M2;3;1;6;
;M2;3;2;3;
;M2;3;3;0;
;M2;3;4;-3;
;M2;3;5;-9;
;M3;1;1;9;
;M3;1;2;5;
;M3;1;3;2;
;M3;1;4;1;
;M3;1;5;0;
;M3;2;1;8;
;M3;2;2;4;
;M3;2;3;1;
;M3;2;4;0;
;M3;2;5;-2;
;M3;3;1;6;
;M3;3;2;3;
;M3;3;3;0;
;M3;3;4;-3;
;M3;3;5;-9;
;M4;1;1;9;
;M4;1;2;5;
;M4;1;3;2;
;M4;1;4;1;
;M4;1;5;0;
;M4;2;1;8;
;M4;2;2;4;
;M4;2;3;1;
;M4;2;4;0;
;M4;2;5;-2;
;M4;3;1;6;
;M4;3;2;3;
;M4;3;3;0;
;M4;3;4;-3;
;M4;3;5;-9;
;M5;1;1;3;
;M5;1;2;3;
;M5;1;3;2;
;M5;1;4;1;
;M5;1;5;0;
;M5;2;1;5;
;M5;2;2;4;
;M5;2;3;2;
;M5;2;4;0;
;M5;2;5;-1;
;M5;3;1;6;
;M5;3;2;4;
;M5;3;3;0;
;M5;3;4;-1;
;M5;3;5;-3;
;M6a;1;1;9;
;M6a;1;2;5;
;M6a;1;3;2;
;M6a;1;4;1;
;M6a;1;5;0;
;M6a;2;1;8;
;M6a;2;2;4;
;M6a;2;3;1;
;M6a;2;4;0;
;M6a;2;5;-2;
;M6a;3;1;6;
;M6a;3;2;3;
;M6a;3;3;0;
;M6a;3;4;-3;
;M6a;3;5;-9;
;M6b;1;1;9;
;M6b;1;2;5;
;M6b;1;3;2;
;M6b;1;4;1;
;M6b;1;5;0;
;M6b;2;1;8;
;M6b;2;2;4;
;M6b;2;3;1;
;M6b;2;4;0;
;M6b;2;5;-2;
;M6b;3;1;6;
;M6b;3;2;3;
;M6b;3;3;0;
;M6b;3;4;-3;
;M6b;3;5;-9;
;M7a;1;1;9;
;M7a;1;2;5;
;M7a;1;3;2;
;M7a;1;4;1;
;M7a;1;5;0;
;M7a;2;1;8;
;M7a;2;2;4;
;M7a;2;3;1;
;M7a;2;4;0;
;M7a;2;5;-2;
;M7a;3;1;6;
;M7a;3;2;3;
;M7a;3;3;0;
;M7a;3;4;-3;
;M7a;3;5;-9;
;M7b;1;1;9;
;M7b;1;2;5;
;M7b;1;3;2;
;M7b;1;4;1;
;M7b;1;5;0;
;M7b;2;1;8;
;M7b;2;2;4;
;M7b;2;3;1;
;M7b;2;4;0;
;M7b;2;5;-2;
;M7b;3;1;6;
;M7b;3;2;3;
;M7b;3;3;0;
;M7b;3;4;-3;
;M7b;3;5;-9;
;M8;1;1;9;
;M8;1;2;5;
;M8;1;3;2;
;M8;1;4;1;
;M8;1;5;0;
;M8;2;1;8;
;M8;2;2;4;
;M8;2;3;1;
;M8;2;4;0;
;M8;2;5;-2;
;M8;3;1;6;
;M8;3;2;3;
;M8;3;3;0;
;M8;3;4;-3;
;M8;3;5;-9;
;M9;1;1;9;
;M9;1;2;5;
;M9;1;3;2;
;M9;1;4;1;
;M9;1;5;0;
;M9;2;1;8;
;M9;2;2;4;
;M9;2;3;1;
;M9;2;4;0;
;M9;2;5;-2;
;M9;3;1;6;
;M9;3;2;3;
;M9;3;3;0;
;M9;3;4;-3;
;M9;3;5;-9;
;M10;1;1;9;
;M10;1;2;5;
;M10;1;3;2;
;M10;1;4;1;
;M10;1;5;0;
;M10;2;1;8;
;M10;2;2;4;
;M10;2;3;1;
;M10;2;4;0;
;M10;2;5;-2;
;M10;3;1;6;
;M10;3;2;3;
;M10;3;3;0;
;M10;3;4;-3;
;M10;3;5;-9;
;M11;1;1;3;
;M11;1;2;3;
;M11;1;3;2;
;M11;1;4;1;
;M11;1;5;0;
;M11;2;1;5;
;M11;2;2;4;
;M11;2;3;2;
;M11;2;4;0;
;M11;2;5;-1;
;M11;3;1;6;
;M11;3;2;4;
;M11;3;3;0;
;M11;3;4;-1;
;M11;3;5;-3;
;M12;1;1;3;
;M12;1;2;3;
;M12;1;3;2;
;M12;1;4;1;
;M12;1;5;0;
;M12;2;1;5;
;M12;2;2;4;
;M12;2;3;2;
;M12;2;4;0;
;M12;2;5;-1;
;M12;3;1;6;
;M12;3;2;4;
;M12;3;3;0;
;M12;3;4;-1;
;M12;3;5;-3;
;M13;1;1;3;
;M13;1;2;3;
;M13;1;3;2;
;M13;1;4;1;
;M13;1;5;0;
;M13;2;1;5;
;M13;2;2;4;
;M13;2;3;2;
;M13;2;4;0;
;M13;2;5;-1;
;M13;3;1;6;
;M13;3;2;4;
;M13;3;3;0;
;M13;3;4;-1;
;M13;3;5;-3;
;M14;1;1;3;
;M14;1;2;3;
;M14;1;3;2;
;M14;1;4;1;
;M14;1;5;0;
;M14;2;1;5;
;M14;2;2;4;
;M14;2;3;2;
;M14;2;4;0;
;M14;2;5;-1;
;M14;3;1;6;
;M14;3;2;4;
;M14;3;3;0;
;M14;3;4;-1;
;M14;3;5;-3;
;M16;1;1;3;
;M16;1;2;3;
;M16;1;3;2;
;M16;1;4;1;
;M16;1;5;0;
;M16;2;1;5;
;M16;2;2;4;
;M16;2;3;2;
;M16;2;4;0;
;M16;2;5;-1;
;M16;3;1;6;
;M16;3;2;4;
;M16;3;3;0;
;M16;3;4;-1;
;M16;3;5;-3;
;M17;1;1;3;
;M17;1;2;3;
;M17;1;3;2;
;M17;1;4;1;
;M17;1;5;0;
;M17;2;1;5;
;M17;2;2;4;
;M17;2;3;2;
;M17;2;4;0;
;M17;2;5;-1;
;M17;3;1;6;
;M17;3;2;4;
;M17;3;3;0;
;M17;3;4;-1;
;M17;3;5;-3;
;M18;1;1;3;
;M18;1;2;3;
;M18;1;3;2;
;M18;1;4;1;
;M18;1;5;0;
;M18;2;1;5;
;M18;2;2;4;
;M18;2;3;2;
;M18;2;4;0;
;M18;2;5;-1;
;M18;3;1;6;
;M18;3;2;4;
;M18;3;3;0;
;M18;3;4;-1;
;M18;3;5;-3;
;M20;1;1;3;
;M20;1;2;3;
;M20;1;3;2;
;M20;1;4;1;
;M20;1;5;0;
;M20;2;1;5;
;M20;2;2;4;
;M20;2;3;2;
;M20;2;4;0;
;M20;2;5;-1;
;M20;3;1;6;
;M20;3;2;4;
;M20;3;3;0;
;M20;3;4;-1;
;M20;3;5;-3;
;M21;1;1;3;
;M21;1;2;3;
;M21;1;3;2;
;M21;1;4;1;
;M21;1;5;0;
;M21;2;1;5;
;M21;2;2;4;
;M21;2;3;2;
;M21;2;4;0;
;M21;2;5;-1;
;M21;3;1;6;
;M21;3;2;4;
;M21;3;3;0;
;M21;3;4;-1;
;M21;3;5;-3;
;M22;1;1;3;
;M22;1;2;3;
;M22;1;3;2;
;M22;1;4;1;
;M22;1;5;0;
;M22;2;1;5;
;M22;2;2;4;
;M22;2;3;2;
;M22;2;4;0;
;M22;2;5;-1;
;M22;3;1;6;
;M22;3;2;4;
;M22;3;3;0;
;M22;3;4;-1;
;M22;3;5;-3;
;M23;1;1;3;
;M23;1;2;3;
;M23;1;3;2;
;M23;1;4;1;
;M23;1;5;0;
;M23;2;1;5;
;M23;2;2;4;
;M23;2;3;2;
;M23;2;4;0;
;M23;2;5;-1;
;M23;3;1;6;
;M23;3;2;4;
;M23;3;3;0;
;M23;3;4;-1;
;M23;3;5;-3;
;M25;1;1;3;
;M25;1;2;3;
;M25;1;3;2;
;M25;1;4;1;
;M25;1;5;0;
;M25;2;1;5;
;M25;2;2;4;
;M25;2;3;2;
;M25;2;4;0;
;M25;2;5;-1;
;M25;3;1;6;
;M25;3;2;4;
;M25;3;3;0;
;M25;3;4;-1;
;M25;3;5;-3;
;M26;1;1;3;
;M26;1;2;3;
;M26;1;3;2;
;M26;1;4;1;
;M26;1;5;0;
;M26;2;1;5;
;M26;2;2;4;
;M26;2;3;2;
;M26;2;4;0;
;M26;2;5;-1;
;M26;3;1;6;
;M26;3;2;4;
;M26;3;3;0;
;M26;3;4;-1;
;M26;3;5;-3;
;M27;1;1;3;
;M27;1;2;3;
;M27;1;3;2;
;M27;1;4;1;
;M27;1;5;0;
;M27;2;1;5;
;M27;2;2;4;
;M27;2;3;2;
;M27;2;4;0;
;M27;2;5;-1;
;M27;3;1;6;
;M27;3;2;4;
;M27;3;3;0;
;M27;3;4;-1;
;M27;3;5;-3;
;M30;1;1;3;
;M30;1;2;3;
;M30;1;3;2;
;M30;1;4;1;
;M30;1;5;0;
;M30;2;1;5;
;M30;2;2;4;
;M30;2;3;2;
;M30;2;4;0;
;M30;2;5;-1;
;M30;3;1;6;
;M30;3;2;4;
;M30;3;3;0;
;M30;3;4;-1;
;M30;3;5;-3;
;M31;1;1;3;
;M31;1;2;3;
;M31;1;3;2;
;M31;1;4;1;
;M31;1;5;0;
;M31;2;1;5;
;M31;2;2;4;
;M31;2;3;2;
;M31;2;4;0;
;M31;2;5;-1;
;M31;3;1;6;
;M31;3;2;4;
;M31;3;3;0;
;M31;3;4;-1;
;M31;3;5;-3;
;R1;1;1;6;
;R1;1;2;4;
;R1;1;3;2;
;R1;1;4;1;
;R1;1;5;0;
;R1;2;1;5;
;R1;2;2;2;
;R1;2;3;1;
;R1;2;4;0;
;R1;2;5;-2;
;R1;3;1;3;
;R1;3;2;0;
;R1;3;3;0;
;R1;3;4;-3;
;R1;3;5;-9;
;R2;1;1;6;
;R2;1;2;4;
;R2;1;3;2;
;R2;1;4;1;
;R2;1;5;0;
;R2;2;1;5;
;R2;2;2;2;
;R2;2;3;1;
;R2;2;4;0;
;R2;2;5;-2;
;R2;3;1;3;
;R2;3;2;0;
;R2;3;3;0;
;R2;3;4;-3;
;R2;3;5;-9;
;R3;1;1;6;
;R3;1;2;4;
;R3;1;3;2;
;R3;1;4;1;
;R3;1;5;0;
;R3;2;1;5;
;R3;2;2;2;
;R3;2;3;1;
;R3;2;4;0;
;R3;2;5;-2;
;R3;3;1;3;
;R3;3;2;0;
;R3;3;3;0;
;R3;3;4;-3;
;R3;3;5;-9;
;R4;1;1;9;
;R4;1;2;5;
;R4;1;3;2;
;R4;1;4;0;
;R4;1;5;0;
;R4;2;1;6;
;R4;2;2;4;
;R4;2;3;1;
;R4;2;4;0;
;R4;2;5;-4;
;R4;3;1;3;
;R4;3;2;1;
;R4;3;3;0;
;R4;3;4;-3;
;R4;3;5;-9;
;R5;1;1;9;
;R5;1;2;5;
;R5;1;3;2;
;R5;1;4;0;
;R5;1;5;0;
;R5;2;1;6;
;R5;2;2;4;
;R5;2;3;1;
;R5;2;4;0;
;R5;2;5;-4;
;R5;3;1;3;
;R5;3;2;1;
;R5;3;3;0;
;R5;3;4;-3;
;R5;3;5;-9;
;R6;1;1;9;
;R6;1;2;5;
;R6;1;3;2;
;R6;1;4;0;
;R6;1;5;0;
;R6;2;1;6;
;R6;2;2;4;
;R6;2;3;1;
;R6;2;4;0;
;R6;2;5;-4;
;R6;3;1;3;
;R6;3;2;1;
;R6;3;3;0;
;R6;3;4;-3;
;R6;3;5;-9;
;R7;1;1;9;
;R7;1;2;5;
;R7;1;3;2;
;R7;1;4;0;
;R7;1;5;0;
;R7;2;1;6;
;R7;2;2;4;
;R7;2;3;1;
;R7;2;4;0;
;R7;2;5;-4;
;R7;3;1;3;
;R7;3;2;1;
;R7;3;3;0;
;R7;3;4;-3;
;R7;3;5;-9;
;R8;1;1;9;
;R8;1;2;5;
;R8;1;3;2;
;R8;1;4;0;
;R8;1;5;0;
;R8;2;1;6;
;R8;2;2;4;
;R8;2;3;1;
;R8;2;4;0;
;R8;2;5;-4;
;R8;3;1;3;
;R8;3;2;1;
;R8;3;3;0;
;R8;3;4;-3;
;R8;3;5;-9;
;R11;1;1;9;
;R11;1;2;5;
;R11;1;3;2;
;R11;1;4;1;
;R11;1;5;0;
;R11;2;1;6;
;R11;2;2;4;
;R11;2;3;1;
;R11;2;4;0;
;R11;2;5;-4;
;R11;3;1;3;
;R11;3;2;1;
;R11;3;3;0;
;R11;3;4;-3;
;R11;3;5;-9;
;R12;1;1;9;
;R12;1;2;5;
;R12;1;3;2;
;R12;1;4;0;
;R12;1;5;0;
;R12;2;1;6;
;R12;2;2;4;
;R12;2;3;1;
;R12;2;4;0;
;R12;2;5;-4;
;R12;3;1;3;
;R12;3;2;1;
;R12;3;3;0;
;R12;3;4;-3;
;R12;3;5;-9;
;R13;1;1;9;
;R13;1;2;5;
;R13;1;3;2;
;R13;1;4;0;
;R13;1;5;0;
;R13;2;1;6;
;R13;2;2;4;
;R13;2;3;1;
;R13;2;4;0;
;R13;2;5;-4;
;R13;3;1;3;
;R13;3;2;1;
;R13;3;3;0;
;R13;3;4;-3;
;R13;3;5;-9;
;R14;1;1;9;
;R14;1;2;5;
;R14;1;3;2;
;R14;1;4;0;
;R14;1;5;0;
;R14;2;1;6;
;R14;2;2;4;
;R14;2;3;1;
;R14;2;4;0;
;R14;2;5;-4;
;R14;3;1;3;
;R14;3;2;1;
;R14;3;3;0;
;R14;3;4;-3;
;R14;3;5;-9;
;R15;1;1;9;
;R15;1;2;5;
;R15;1;3;2;
;R15;1;4;0;
;R15;1;5;0;
;R15;2;1;6;
;R15;2;2;4;
;R15;2;3;1;
;R15;2;4;0;
;R15;2;5;-4;
;R15;3;1;3;
;R15;3;2;1;
;R15;3;3;0;
;R15;3;4;-3;
;R15;3;5;-9;
;R16;1;1;9;
;R16;1;2;5;
;R16;1;3;2;
;R16;1;4;0;
;R16;1;5;0;
;R16;2;1;6;
;R16;2;2;4;
;R16;2;3;1;
;R16;2;4;0;
;R16;2;5;-4;
;R16;3;1;3;
;R16;3;2;1;
;R16;3;3;0;
;R16;3;4;-3;
;R16;3;5;-9;
;R17;1;1;9;
;R17;1;2;5;
;R17;1;3;2;
;R17;1;4;0;
;R17;1;5;0;
;R17;2;1;6;
;R17;2;2;4;
;R17;2;3;1;
;R17;2;4;0;
;R17;2;5;-4;
;R17;3;1;3;
;R17;3;2;1;
;R17;3;3;0;
;R17;3;4;-3;
;R17;3;5;-9;
;R18;1;1;9;
;R18;1;2;5;
;R18;1;3;2;
;R18;1;4;0;
;R18;1;5;0;
;R18;2;1;6;
;R18;2;2;4;
;R18;2;3;1;
;R18;2;4;0;
;R18;2;5;-4;
;R18;3;1;3;
;R18;3;2;1;
;R18;3;3;0;
;R18;3;4;-3;
;R18;3;5;-9;
Hydrofyten;M1a;1;1;3;
Hydrofyten;M1a;1;2;3;
Hydrofyten;M1a;1;3;2;
Hydrofyten;M1a;1;4;1;
Hydrofyten;M1a;1;5;0;
Hydrofyten;M1a;2;1;5;
Hydrofyten;M1a;2;2;4;
Hydrofyten;M1a;2;3;2;
Hydrofyten;M1a;2;4;0;
Hydrofyten;M1a;2;5;-1;
Hydrofyten;M1a;3;1;6;
Hydrofyten;M1a;3;2;4;
Hydrofyten;M1a;3;3;0;
Hydrofyten;M1a;3;4;-1;
Hydrofyten;M1a;3;5;-3;
Hydrofyten;M1b;1;1;3;
Hydrofyten;M1b;1;2;3;
Hydrofyten;M1b;1;3;2;
Hydrofyten;M1b;1;4;1;
Hydrofyten;M1b;1;5;0;
Hydrofyten;M1b;2;1;5;
Hydrofyten;M1b;2;2;4;
Hydrofyten;M1b;2;3;2;
Hydrofyten;M1b;2;4;0;
Hydrofyten;M1b;2;5;-1;
Hydrofyten;M1b;3;1;6;
Hydrofyten;M1b;3;2;4;
Hydrofyten;M1b;3;3;0;
Hydrofyten;M1b;3;4;-1;
Hydrofyten;M1b;3;5;-3;
Hydrofyten;M2;1;1;3;
Hydrofyten;M2;1;2;3;
Hydrofyten;M2;1;3;2;
Hydrofyten;M2;1;4;1;
Hydrofyten;M2;1;5;0;
Hydrofyten;M2;2;1;5;
Hydrofyten;M2;2;2;4;
Hydrofyten;M2;2;3;2;
Hydrofyten;M2;2;4;0;
Hydrofyten;M2;2;5;-1;
Hydrofyten;M2;3;1;6;
Hydrofyten;M2;3;2;4;
Hydrofyten;M2;3;3;0;
Hydrofyten;M2;3;4;-1;
Hydrofyten;M2;3;5;-3;
Hydrofyten;M3;1;1;3;
Hydrofyten;M3;1;2;3;
Hydrofyten;M3;1;3;2;
Hydrofyten;M3;1;4;1;
Hydrofyten;M3;1;5;0;
Hydrofyten;M3;2;1;5;
Hydrofyten;M3;2;2;4;
Hydrofyten;M3;2;3;2;
Hydrofyten;M3;2;4;0;
Hydrofyten;M3;2;5;-1;
Hydrofyten;M3;3;1;6;
Hydrofyten;M3;3;2;4;
Hydrofyten;M3;3;3;0;
Hydrofyten;M3;3;4;-1;
Hydrofyten;M3;3;5;-3;
Hydrofyten;M4;1;1;3;
Hydrofyten;M4;1;2;3;
Hydrofyten;M4;1;3;2;
Hydrofyten;M4;1;4;1;
Hydrofyten;M4;1;5;0;
Hydrofyten;M4;2;1;5;
Hydrofyten;M4;2;2;4;
Hydrofyten;M4;2;3;2;
Hydrofyten;M4;2;4;0;
Hydrofyten;M4;2;5;-1;
Hydrofyten;M4;3;1;6;
Hydrofyten;M4;3;2;4;
Hydrofyten;M4;3;3;0;
Hydrofyten;M4;3;4;-1;
Hydrofyten;M4;3;5;-3;
Hydrofyten;M6a;1;1;3;
Hydrofyten;M6a;1;2;3;
Hydrofyten;M6a;1;3;2;
Hydrofyten;M6a;1;4;1;
Hydrofyten;M6a;1;5;0;
Hydrofyten;M6a;2;1;5;
Hydrofyten;M6a;2;2;4;
Hydrofyten;M6a;2;3;2;
Hydrofyten;M6a;2;4;0;
Hydrofyten;M6a;2;5;-1;
Hydrofyten;M6a;3;1;6;
Hydrofyten;M6a;3;2;4;
Hydrofyten;M6a;3;3;0;
Hydrofyten;M6a;3;4;-1;
Hydrofyten;M6a;3;5;-3;
Hydrofyten;M6b;1;1;3;
Hydrofyten;M6b;1;2;3;
Hydrofyten;M6b;1;3;2;
Hydrofyten;M6b;1;4;1;
Hydrofyten;M6b;1;5;0;
Hydrofyten;M6b;2;1;5;
Hydrofyten;M6b;2;2;4;
Hydrofyten;M6b;2;3;2;
Hydrofyten;M6b;2;4;0;
Hydrofyten;M6b;2;5;-1;
Hydrofyten;M6b;3;1;6;
Hydrofyten;M6b;3;2;4;
Hydrofyten;M6b;3;3;0;
Hydrofyten;M6b;3;4;-1;
Hydrofyten;M6b;3;5;-3;
Hydrofyten;M7a;1;1;3;
Hydrofyten;M7a;1;2;3;
Hydrofyten;M7a;1;3;2;
Hydrofyten;M7a;1;4;1;
Hydrofyten;M7a;1;5;0;
Hydrofyten;M7a;2;1;5;
Hydrofyten;M7a;2;2;4;
Hydrofyten;M7a;2;3;2;
Hydrofyten;M7a;2;4;0;
Hydrofyten;M7a;2;5;-1;
Hydrofyten;M7a;3;1;6;
Hydrofyten;M7a;3;2;4;
Hydrofyten;M7a;3;3;0;
Hydrofyten;M7a;3;4;-1;
Hydrofyten;M7a;3;5;-3;
Hydrofyten;M7b;1;1;3;
Hydrofyten;M7b;1;2;3;
Hydrofyten;M7b;1;3;2;
Hydrofyten;M7b;1;4;1;
Hydrofyten;M7b;1;5;0;
Hydrofyten;M7b;2;1;5;
Hydrofyten;M7b;2;2;4;
Hydrofyten;M7b;2;3;2;
Hydrofyten;M7b;2;4;0;
Hydrofyten;M7b;2;5;-1;
Hydrofyten;M7b;3;1;6;
Hydrofyten;M7b;3;2;4;
Hydrofyten;M7b;3;3;0;
Hydrofyten;M7b;3;4;-1;
Hydrofyten;M7b;3;5;-3;
Hydrofyten;M8;1;1;3;
Hydrofyten;M8;1;2;3;
Hydrofyten;M8;1;3;2;
Hydrofyten;M8;1;4;1;
Hydrofyten;M8;1;5;0;
Hydrofyten;M8;2;1;5;
Hydrofyten;M8;2;2;4;
Hydrofyten;M8;2;3;2;
Hydrofyten;M8;2;4;0;
Hydrofyten;M8;2;5;-1;
Hydrofyten;M8;3;1;6;
Hydrofyten;M8;3;2;4;
Hydrofyten;M8;3;3;0;
Hydrofyten;M8;3;4;-1;
Hydrofyten;M8;3;5;-3;
Hydrofyten;M9;1;1;3;
Hydrofyten;M9;1;2;3;
Hydrofyten;M9;1;3;2;
Hydrofyten;M9;1;4;1;
Hydrofyten;M9;1;5;0;
Hydrofyten;M9;2;1;5;
Hydrofyten;M9;2;2;4;
Hydrofyten;M9;2;3;2;
Hydrofyten;M9;2;4;0;
Hydrofyten;M9;2;5;-1;
Hydrofyten;M9;3;1;6;
Hydrofyten;M9;3;2;4;
Hydrofyten;M9;3;3;0;
Hydrofyten;M9;3;4;-1;
Hydrofyten;M9;3;5;-3;
Hydrofyten;M10;1;1;3;
Hydrofyten;M10;1;2;3;
Hydrofyten;M10;1;3;2;
Hydrofyten;M10;1;4;1;
Hydrofyten;M10;1;5;0;
Hydrofyten;M10;2;1;5;
Hydrofyten;M10;2;2;4;
Hydrofyten;M10;2;3;2;
Hydrofyten;M10;2;4;0;
Hydrofyten;M10;2;5;-1;
Hydrofyten;M10;3;1;6;
Hydrofyten;M10;3;2;4;
Hydrofyten;M10;3;3;0;
Hydrofyten;M10;3;4;-1;
Hydrofyten;M10;3;5;-3;
Helofyten;M1a;1;1;9;
Helofyten;M1a;1;2;5;
Helofyten;M1a;1;3;2;
Helofyten;M1a;1;4;1;
Helofyten;M1a;1;5;0;
Helofyten;M1a;2;1;8;
Helofyten;M1a;2;2;4;
Helofyten;M1a;2;3;1;
Helofyten;M1a;2;4;0;
Helofyten;M1a;2;5;-2;
Helofyten;M1a;3;1;6;
Helofyten;M1a;3;2;3;
Helofyten;M1a;3;3;0;
Helofyten;M1a;3;4;-3;
Helofyten;M1a;3;5;-9;
Helofyten;M1b;1;1;9;
Helofyten;M1b;1;2;5;
Helofyten;M1b;1;3;2;
Helofyten;M1b;1;4;1;
Helofyten;M1b;1;5;0;
Helofyten;M1b;2;1;8;
Helofyten;M1b;2;2;4;
Helofyten;M1b;2;3;1;
Helofyten;M1b;2;4;0;
Helofyten;M1b;2;5;-2;
Helofyten;M1b;3;1;6;
Helofyten;M1b;3;2;3;
Helofyten;M1b;3;3;0;
Helofyten;M1b;3;4;-3;
Helofyten;M1b;3;5;-9;
Helofyten;M2;1;1;9;
Helofyten;M2;1;2;5;
Helofyten;M2;1;3;2;
Helofyten;M2;1;4;1;
Helofyten;M2;1;5;0;
Helofyten;M2;2;1;8;
Helofyten;M2;2;2;4;
Helofyten;M2;2;3;1;
Helofyten;M2;2;4;0;
Helofyten;M2;2;5;-2;
Helofyten;M2;3;1;6;
Helofyten;M2;3;2;3;
Helofyten;M2;3;3;0;
Helofyten;M2;3;4;-3;
Helofyten;M2;3;5;-9;
Helofyten;M3;1;1;9;
Helofyten;M3;1;2;5;
Helofyten;M3;1;3;2;
Helofyten;M3;1;4;1;
Helofyten;M3;1;5;0;
Helofyten;M3;2;1;8;
Helofyten;M3;2;2;4;
Helofyten;M3;2;3;1;
Helofyten;M3;2;4;0;
Helofyten;M3;2;5;-2;
Helofyten;M3;3;1;6;
Helofyten;M3;3;2;3;
Helofyten;M3;3;3;0;
Helofyten;M3;3;4;-3;
Helofyten;M3;3;5;-9;
Helofyten;M4;1;1;9;
Helofyten;M4;1;2;5;
Helofyten;M4;1;3;2;
Helofyten;M4;1;4;1;
Helofyten;M4;1;5;0;
Helofyten;M4;2;1;8;
Helofyten;M4;2;2;4;
Helofyten;M4;2;3;1;
Helofyten;M4;2;4;0;
Helofyten;M4;2;5;-2;
Helofyten;M4;3;1;6;
Helofyten;M4;3;2;3;
Helofyten;M4;3;3;0;
Helofyten;M4;3;4;-3;
Helofyten;M4;3;5;-9;
Helofyten;M6a;1;1;9;
Helofyten;M6a;1;2;5;
Helofyten;M6a;1;3;2;
Helofyten;M6a;1;4;1;
Helofyten;M6a;1;5;0;
Helofyten;M6a;2;1;8;
Helofyten;M6a;2;2;4;
Helofyten;M6a;2;3;1;
Helofyten;M6a;2;4;0;
Helofyten;M6a;2;5;-2;
Helofyten;M6a;3;1;6;
Helofyten;M6a;3;2;3;
Helofyten;M6a;3;3;0;
Helofyten;M6a;3;4;-3;
Helofyten;M6a;3;5;-9;
Helofyten;M6b;1;1;9;
Helofyten;M6b;1;2;5;
Helofyten;M6b;1;3;2;
Helofyten;M6b;1;4;1;
Helofyten;M6b;1;5;0;
Helofyten;M6b;2;1;8;
Helofyten;M6b;2;2;4;
Helofyten;M6b;2;3;1;
Helofyten;M6b;2;4;0;
Helofyten;M6b;2;5;-2;
Helofyten;M6b;3;1;6;
Helofyten;M6b;3;2;3;
Helofyten;M6b;3;3;0;
Helofyten;M6b;3;4;-3;
Helofyten;M6b;3;5;-9;
Helofyten;M7a;1;1;9;
Helofyten;M7a;1;2;5;
Helofyten;M7a;1;3;2;
Helofyten;M7a;1;4;1;
Helofyten;M7a;1;5;0;
Helofyten;M7a;2;1;8;
Helofyten;M7a;2;2;4;
Helofyten;M7a;2;3;1;
Helofyten;M7a;2;4;0;
Helofyten;M7a;2;5;-2;
Helofyten;M7a;3;1;6;
Helofyten;M7a;3;2;3;
Helofyten;M7a;3;3;0;
Helofyten;M7a;3;4;-3;
Helofyten;M7a;3;5;-9;
Helofyten;M7b;1;1;9;
Helofyten;M7b;1;2;5;
Helofyten;M7b;1;3;2;
Helofyten;M7b;1;4;1;
Helofyten;M7b;1;5;0;
Helofyten;M7b;2;1;8;
Helofyten;M7b;2;2;4;
Helofyten;M7b;2;3;1;
Helofyten;M7b;2;4;0;
Helofyten;M7b;2;5;-2;
Helofyten;M7b;3;1;6;
Helofyten;M7b;3;2;3;
Helofyten;M7b;3;3;0;
Helofyten;M7b;3;4;-3;
Helofyten;M7b;3;5;-9;
Helofyten;M8;1;1;9;
Helofyten;M8;1;2;5;
Helofyten;M8;1;3;2;
Helofyten;M8;1;4;1;
Helofyten;M8;1;5;0;
Helofyten;M8;2;1;8;
Helofyten;M8;2;2;4;
Helofyten;M8;2;3;1;
Helofyten;M8;2;4;0;
Helofyten;M8;2;5;-2;
Helofyten;M8;3;1;6;
Helofyten;M8;3;2;3;
Helofyten;M8;3;3;0;
Helofyten;M8;3;4;-3;
Helofyten;M8;3;5;-9;
Helofyten;M9;1;1;9;
Helofyten;M9;1;2;5;
Helofyten;M9;1;3;2;
Helofyten;M9;1;4;1;
Helofyten;M9;1;5;0;
Helofyten;M9;2;1;8;
Helofyten;M9;2;2;4;
Helofyten;M9;2;3;1;
Helofyten;M9;2;4;0;
Helofyten;M9;2;5;-2;
Helofyten;M9;3;1;6;
Helofyten;M9;3;2;3;
Helofyten;M9;3;3;0;
Helofyten;M9;3;4;-3;
Helofyten;M9;3;5;-9;
Helofyten;M10;1;1;9;
Helofyten;M10;1;2;5;
Helofyten;M10;1;3;2;
Helofyten;M10;1;4;1;
Helofyten;M10;1;5;0;
Helofyten;M10;2;1;8;
Helofyten;M10;2;2;4;
Helofyten;M10;2;3;1;
Helofyten;M10;2;4;0;
Helofyten;M10;2;5;-2;
Helofyten;M10;3;1;6;
Helofyten;M10;3;2;3;
Helofyten;M10;3;3;0;
Helofyten;M10;3;4;-3;
Helofyten;M10;3;5;-9;
;R19;1;1;10;
;R19;2;1;10;
;R19;3;1;10;
;R19;1;2;5;
;R19;2;2;5;
;R19;3;2;5;
;R19;1;3;1;
;R19;2;3;1;
;R19;3;3;1;
;R19;1;4;1;
;R19;2;4;-2;
;R19;3;4;-5;
;R20;1;1;10;
;R20;2;1;10;
;R20;3;1;10;
;R20;1;2;5;
;R20;2;2;5;
;R20;3;2;5;
;R20;1;3;1;
;R20;2;3;1;
;R20;3;3;1;
;R20;1;4;1;
;R20;2;4;-2;
;R20;3;4;-5;
;M21a;1;1;3;
;M21a;1;2;3;
;M21a;1;3;2;
;M21a;1;4;1;
;M21a;1;5;0;
;M21a;2;1;5;
;M21a;2;2;4;
;M21a;2;3;2;
;M21a;2;4;0;
;M21a;2;5;-1;
;M21a;3;1;6;
;M21a;3;2;4;
;M21a;3;3;0;
;M21a;3;4;-1;
;M21a;3;5;-3;
;M21b;1;1;3;
;M21b;1;2;3;
;M21b;1;3;2;
;M21b;1;4;1;
;M21b;1;5;0;
;M21b;2;1;5;
;M21b;2;2;4;
;M21b;2;3;2;
;M21b;2;4;0;
;M21b;2;5;-1;
;M21b;3;1;6;
;M21b;3;2;4;
;M21b;3;3;0;
;M21b;3;4;-1;
;M21b;3;5;-3;
;R4a;1;1;9;
;R4a;1;2;5;
;R4a;1;3;2;
;R4a;1;4;0;
;R4a;1;5;0;
;R4a;2;1;6;
;R4a;2;2;4;
;R4a;2;3;1;
;R4a;2;4;0;
;R4a;2;5;-4;
;R4a;3;1;3;
;R4a;3;2;1;
;R4a;3;3;0;
;R4a;3;4;-3;
;R4a;3;5;-9;
;R4b;1;1;9;
;R4b;1;2;5;
;R4b;1;3;2;
;R4b;1;4;0;
;R4b;1;5;0;
;R4b;2;1;6;
;R4b;2;2;4;
;R4b;2;3;1;
;R4b;2;4;0;
;R4b;2;5;-4;
;R4b;3;1;3;
;R4b;3;2;1;
;R4b;3;3;0;
;R4b;3;4;-3;
;R4b;3;5;-9;
