Familie;Familienummer;Biotaxon.naam_familie;Biotaxon.naam;
Ephemeroptera (haften);101;Ameletidae;Ameletidae;
Ephemeroptera (haften);101;Ameletidae;Ameletus;
Ephemeroptera (haften);101;Ameletidae;Metreletus;
Ephemeroptera (haften);101;Metreletus;Metreletus balcanicus;
Ephemeroptera (haften);102;Ametropodidae;Ametropodidae;
Ephemeroptera (haften);102;Ametropodidae;Ametropus;
Ephemeroptera (haften);102;Ametropus;Ametropus fragilis;
Ephemeroptera (haften);103;Arthroplea;Arthroplea congener;
Ephemeroptera (haften);103;Arthropleidae;Arthroplea;
Ephemeroptera (haften);103;Arthropleidae;Arthropleidae;
Ephemeroptera (haften);104;Baetidae;Baetidae;
Ephemeroptera (haften);104;Baetidae;Baetis;
Ephemeroptera (haften);104;Baetidae;Baetopus;
Ephemeroptera (haften);104;Baetidae;Centroptilum;
Ephemeroptera (haften);104;Baetidae;Cloeon;
Ephemeroptera (haften);104;Baetidae;Oligoneuriella;
Ephemeroptera (haften);104;Baetidae;Procloeon;
Ephemeroptera (haften);104;Baetidae;Pseudocentroptiloides;
Ephemeroptera (haften);104;Baetis;Baetis alpinus;
Ephemeroptera (haften);104;Baetis;Baetis atrebatinus;
Ephemeroptera (haften);104;Baetis;Baetis buceratus;
Ephemeroptera (haften);104;Baetis;Baetis digitatus;
Ephemeroptera (haften);104;Baetis;Baetis fuscatus;
Ephemeroptera (haften);104;Baetis;Baetis lutheri;
Ephemeroptera (haften);104;Baetis;Baetis melanonyx;
Ephemeroptera (haften);104;Baetis;Baetis muticus;
Ephemeroptera (haften);104;Baetis;Baetis niger;
Ephemeroptera (haften);104;Baetis;Baetis rhodani;
Ephemeroptera (haften);104;Baetis;Baetis scambus;
Ephemeroptera (haften);104;Baetis;Baetis tracheatus;
Ephemeroptera (haften);104;Baetis;Baetis vardarensis;
Ephemeroptera (haften);104;Baetis;Baetis vernus;
Ephemeroptera (haften);104;Baetopus;Baetopus tenellus;
Ephemeroptera (haften);104;Centroptilum;Centroptilum luteolum;
Ephemeroptera (haften);104;Cloeon;Cloeon cognatum;
Ephemeroptera (haften);104;Cloeon;Cloeon dipterum;
Ephemeroptera (haften);104;Cloeon;Cloeon inscriptum;
Ephemeroptera (haften);104;Cloeon;Cloeon praetextum;
Ephemeroptera (haften);104;Cloeon;Cloeon simile;
Ephemeroptera (haften);104;Oligoneuriella;Oligoneuriella rhenana;
Ephemeroptera (haften);104;Procloeon;Procloeon bifidum;
Ephemeroptera (haften);104;Procloeon;Procloeon parapulchrum;
Ephemeroptera (haften);104;Procloeon;Procloeon pennulatum;
Ephemeroptera (haften);104;Procloeon;Procloeon pulchrum;
Ephemeroptera (haften);104;Pseudocentroptiloides;Pseudocentroptiloides nana;
Ephemeroptera (haften);105;Brachycercus;Brachycercus harrisella;
Ephemeroptera (haften);105;Caenidae;Brachycercus;
Ephemeroptera (haften);105;Caenidae;Caenidae;
Ephemeroptera (haften);105;Caenidae;Caenis;
Ephemeroptera (haften);105;Caenis;Caenis beskidensis;
Ephemeroptera (haften);105;Caenis;Caenis horaria;
Ephemeroptera (haften);105;Caenis;Caenis lactea;
Ephemeroptera (haften);105;Caenis;Caenis luctuosa;
Ephemeroptera (haften);105;Caenis;Caenis macrura;
Ephemeroptera (haften);105;Caenis;Caenis pseudorivulorum;
Ephemeroptera (haften);105;Caenis;Caenis pusilla;
Ephemeroptera (haften);105;Caenis;Caenis rivulorum;
Ephemeroptera (haften);105;Caenis;Caenis robusta;
Ephemeroptera (haften);105;Caenis;Caenis strugaensis;
Ephemeroptera (haften);106;Ephemerella;Ephemerella mucronata;
Ephemeroptera (haften);106;Ephemerella;Ephemerella notata;
Ephemeroptera (haften);106;Ephemerellidae;Ephemerella;
Ephemeroptera (haften);106;Ephemerellidae;Ephemerellidae;
Ephemeroptera (haften);106;Ephemerellidae;Serratella;
Ephemeroptera (haften);106;Serratella;Serratella ignita;
Ephemeroptera (haften);106;Serratella;Serratella mesoleuca;
Ephemeroptera (haften);107;Ephemera;Ephemera danica;
Ephemeroptera (haften);107;Ephemera;Ephemera glaucops;
Ephemeroptera (haften);107;Ephemera;Ephemera lineata;
Ephemeroptera (haften);107;Ephemera;Ephemera vulgata;
Ephemeroptera (haften);107;Ephemeridae;Ephemera;
Ephemeroptera (haften);107;Ephemeridae;Ephemeridae;
Ephemeroptera (haften);108;Ecdyonurus;Ecdyonurus aurantiacus;
Ephemeroptera (haften);108;Ecdyonurus;Ecdyonurus dispar;
Ephemeroptera (haften);108;Ecdyonurus;Ecdyonurus forcipula;
Ephemeroptera (haften);108;Ecdyonurus;Ecdyonurus insignis;
Ephemeroptera (haften);108;Ecdyonurus;Ecdyonurus torrentis;
Ephemeroptera (haften);108;Ecdyonurus;Ecdyonurus venosus;
Ephemeroptera (haften);108;Electrogena;Electrogena affinis;
Ephemeroptera (haften);108;Electrogena;Electrogena lateralis;
Ephemeroptera (haften);108;Electrogena;Electrogena ujhelyii;
Ephemeroptera (haften);108;Epeorus;Epeorus assimilis;
Ephemeroptera (haften);108;Epeorus;Epeorus sylvicola;
Ephemeroptera (haften);108;Heptagenia;Heptagenia coerulans;
Ephemeroptera (haften);108;Heptagenia;Heptagenia flava;
Ephemeroptera (haften);108;Heptagenia;Heptagenia longicauda;
Ephemeroptera (haften);108;Heptagenia;Heptagenia sulphurea;
Ephemeroptera (haften);108;Heptageniidae;Ecdyonurus;
Ephemeroptera (haften);108;Heptageniidae;Electrogena;
Ephemeroptera (haften);108;Heptageniidae;Epeorus;
Ephemeroptera (haften);108;Heptageniidae;Heptagenia;
Ephemeroptera (haften);108;Heptageniidae;Heptageniidae;
Ephemeroptera (haften);108;Heptageniidae;Kageronia;
Ephemeroptera (haften);108;Heptageniidae;Rhithrogena;
Ephemeroptera (haften);108;Kageronia;Kageronia fuscogrisea;
Ephemeroptera (haften);108;Kageronia;Kageronia orbiticola;
Ephemeroptera (haften);108;Rhithrogena;Rhithrogena diaphana;
Ephemeroptera (haften);108;Rhithrogena;Rhithrogena germanica;
Ephemeroptera (haften);108;Rhithrogena;Rhithrogena iridina;
Ephemeroptera (haften);108;Rhithrogena;Rhithrogena picteti;
Ephemeroptera (haften);108;Rhithrogena;Rhithrogena semicolorata;
Ephemeroptera (haften);109;Isonychia;Isonychia ignota;
Ephemeroptera (haften);109;Isonychiidae;Isonychia;
Ephemeroptera (haften);109;Isonychiidae;Isonychiidae;
Ephemeroptera (haften);110;Choroterpes;Choroterpes picteti;
Ephemeroptera (haften);110;Habroleptoides;Habroleptoides confusa;
Ephemeroptera (haften);110;Habroleptoides;Habroleptoides modesta;
Ephemeroptera (haften);110;Habrophlebia;Habrophlebia fusca;
Ephemeroptera (haften);110;Habrophlebia;Habrophlebia lauta;
Ephemeroptera (haften);110;Leptophlebia;Leptophlebia marginata;
Ephemeroptera (haften);110;Leptophlebia;Leptophlebia vespertina;
Ephemeroptera (haften);110;Leptophlebiidae;Choroterpes;
Ephemeroptera (haften);110;Leptophlebiidae;Habroleptoides;
Ephemeroptera (haften);110;Leptophlebiidae;Habrophlebia;
Ephemeroptera (haften);110;Leptophlebiidae;Leptophlebia;
Ephemeroptera (haften);110;Leptophlebiidae;Leptophlebiidae;
Ephemeroptera (haften);110;Leptophlebiidae;Paraleptophlebia;
Ephemeroptera (haften);110;Paraleptophlebia;Paraleptophlebia cincta;
Ephemeroptera (haften);110;Paraleptophlebia;Paraleptophlebia submarginata;
Ephemeroptera (haften);110;Paraleptophlebia;Paraleptophlebia werneri;
Ephemeroptera (haften);111;Oligoneuriidae;Oligoneuriidae;
Ephemeroptera (haften);112;Palingenia;Palingenia longicauda;
Ephemeroptera (haften);112;Palingeniidae;Palingenia;
Ephemeroptera (haften);112;Palingeniidae;Palingeniidae;
Ephemeroptera (haften);113;Ephoron;Ephoron virgo;
Ephemeroptera (haften);113;Polymitarcyidae;Ephoron;
Ephemeroptera (haften);113;Polymitarcyidae;Polymitarcyidae;
Ephemeroptera (haften);114;Potamanthidae;Potamanthidae;
Ephemeroptera (haften);114;Potamanthidae;Potamanthus;
Ephemeroptera (haften);114;Potamanthus;Potamanthus luteus;
Ephemeroptera (haften);116;Siphlonuridae;Siphlonuridae;
Ephemeroptera (haften);116;Siphlonuridae;Siphlonurus;
Ephemeroptera (haften);116;Siphlonurus;Siphlonurus aestivalis;
Ephemeroptera (haften);116;Siphlonurus;Siphlonurus alternatus;
Ephemeroptera (haften);116;Siphlonurus;Siphlonurus armatus;
Ephemeroptera (haften);116;Siphlonurus;Siphlonurus lacustris;
Plecoptera (steenvliegen);201;Chloroperla;Chloroperla tripunctata;
Plecoptera (steenvliegen);201;Chloroperlidae;Chloroperla;
Plecoptera (steenvliegen);201;Chloroperlidae;Chloroperlidae;
Plecoptera (steenvliegen);201;Chloroperlidae;Isoptena;
Plecoptera (steenvliegen);201;Chloroperlidae;Siphonoperla;
Plecoptera (steenvliegen);201;Chloroperlidae;Xanthoperla;
Plecoptera (steenvliegen);201;Isoptena;Isoptena serricornis;
Plecoptera (steenvliegen);201;Siphonoperla;Siphonoperla burmeisteri;
Plecoptera (steenvliegen);201;Siphonoperla;Siphonoperla torrentium;
Plecoptera (steenvliegen);201;Xanthoperla;Xanthoperla apicalis;
Plecoptera (steenvliegen);202;Leuctra;Leuctra fusca;
Plecoptera (steenvliegen);202;Leuctra;Leuctra geniculata;
Plecoptera (steenvliegen);202;Leuctra;Leuctra nigra;
Plecoptera (steenvliegen);202;Leuctridae;Leuctra;
Plecoptera (steenvliegen);202;Leuctridae;Leuctridae;
Plecoptera (steenvliegen);203;Amphinemura;Amphinemura standfussi;
Plecoptera (steenvliegen);203;Amphinemura;Amphinemura sulcicollis;
Plecoptera (steenvliegen);203;Nemoura;Nemoura avicularis;
Plecoptera (steenvliegen);203;Nemoura;Nemoura cambrica;
Plecoptera (steenvliegen);203;Nemoura;Nemoura cinerea;
Plecoptera (steenvliegen);203;Nemoura;Nemoura dubitans;
Plecoptera (steenvliegen);203;Nemoura;Nemoura marginata;
Plecoptera (steenvliegen);203;Nemoura;Nemoura marginata gr.;
Plecoptera (steenvliegen);203;Nemoura;Nemoura sciurus;
Plecoptera (steenvliegen);203;Nemouridae;Amphinemura;
Plecoptera (steenvliegen);203;Nemouridae;Nemoura;
Plecoptera (steenvliegen);203;Nemouridae;Nemouridae;
Plecoptera (steenvliegen);203;Nemouridae;Nemurella;
Plecoptera (steenvliegen);203;Nemouridae;Protonemura;
Plecoptera (steenvliegen);203;Nemurella;Nemurella pictetii;
Plecoptera (steenvliegen);203;Protonemura;Protonemura meyeri;
Plecoptera (steenvliegen);203;Protonemura;Protonemura nitida;
Plecoptera (steenvliegen);203;Protonemura;Protonemura risi;
Plecoptera (steenvliegen);204;Dinocras;Dinocras cephalotes;
Plecoptera (steenvliegen);204;Marthamea;Marthamea selysii;
Plecoptera (steenvliegen);204;Perlidae;Dinocras;
Plecoptera (steenvliegen);204;Perlidae;Marthamea;
Plecoptera (steenvliegen);204;Perlidae;Perla;
Plecoptera (steenvliegen);204;Perlidae;Perlidae;
Plecoptera (steenvliegen);205;Isogenus;Isogenus nubecula;
Plecoptera (steenvliegen);205;Isoperla;Isoperla grammatica;
Plecoptera (steenvliegen);205;Isoperla;Isoperla obscura;
Plecoptera (steenvliegen);205;Perlodes;Perlodes microcephalus;
Plecoptera (steenvliegen);205;Perlodidae;Isogenus;
Plecoptera (steenvliegen);205;Perlodidae;Isoperla;
Plecoptera (steenvliegen);205;Perlodidae;Perlodes;
Plecoptera (steenvliegen);205;Perlodidae;Perlodidae;
Plecoptera (steenvliegen);206;Brachyptera;Brachyptera braueri;
Plecoptera (steenvliegen);206;Brachyptera;Brachyptera risi;
Plecoptera (steenvliegen);206;Oemopteryx;Oemopteryx loewii;
Plecoptera (steenvliegen);206;Taeniopterygidae;Brachyptera;
Plecoptera (steenvliegen);206;Taeniopterygidae;Oemopteryx;
Plecoptera (steenvliegen);206;Taeniopterygidae;Taeniopterygidae;
Plecoptera (steenvliegen);206;Taeniopterygidae;Taeniopteryx;
Plecoptera (steenvliegen);206;Taeniopteryx;Taeniopteryx nebulosa;
Plecoptera (steenvliegen);206;Taeniopteryx;Taeniopteryx schoenemundi;
Trichoptera (kokerjuffers);301;Apatania;Apatania fimbriata;
Trichoptera (kokerjuffers);301;Apatania;Apatania muliebris;
Trichoptera (kokerjuffers);301;Apataniidae;Apatania;
Trichoptera (kokerjuffers);301;Apataniidae;Apataniidae;
Trichoptera (kokerjuffers);302;Beraea;Beraea maurus;
Trichoptera (kokerjuffers);302;Beraea;Beraea pullata;
Trichoptera (kokerjuffers);302;Beraeidae;Beraea;
Trichoptera (kokerjuffers);302;Beraeidae;Beraeidae;
Trichoptera (kokerjuffers);302;Beraeidae;Beraeodes;
Trichoptera (kokerjuffers);302;Beraeidae;Ernodes;
Trichoptera (kokerjuffers);302;Beraeodes;Beraeodes minutus;
Trichoptera (kokerjuffers);302;Ernodes;Ernodes articularis;
Trichoptera (kokerjuffers);303;Brachycentridae;Brachycentridae;
Trichoptera (kokerjuffers);303;Brachycentridae;Brachycentrus;
Trichoptera (kokerjuffers);303;Brachycentridae;Micrasema;
Trichoptera (kokerjuffers);303;Brachycentrus;Brachycentrus maculatus;
Trichoptera (kokerjuffers);303;Brachycentrus;Brachycentrus subnubilus;
Trichoptera (kokerjuffers);303;Micrasema;Micrasema minimum;
Trichoptera (kokerjuffers);304;Ecnomidae;Ecnomidae;
Trichoptera (kokerjuffers);304;Ecnomidae;Ecnomus;
Trichoptera (kokerjuffers);304;Ecnomus;Ecnomus tenellus;
Trichoptera (kokerjuffers);305;Agapetus;Agapetus fuscipes;
Trichoptera (kokerjuffers);305;Agapetus;Agapetus ochripes;
Trichoptera (kokerjuffers);305;Glossosoma;Glossosoma conforme;
Trichoptera (kokerjuffers);305;Glossosomatidae;Agapetus;
Trichoptera (kokerjuffers);305;Glossosomatidae;Glossosoma;
Trichoptera (kokerjuffers);305;Glossosomatidae;Glossosomatidae;
Trichoptera (kokerjuffers);306;Goera;Goera pilosa;
Trichoptera (kokerjuffers);306;Goeridae;Goera;
Trichoptera (kokerjuffers);306;Goeridae;Goeridae;
Trichoptera (kokerjuffers);306;Goeridae;Lithax;
Trichoptera (kokerjuffers);306;Goeridae;Silo;
Trichoptera (kokerjuffers);306;Lithax;Lithax obscurus;
Trichoptera (kokerjuffers);306;Silo;Silo nigricornis;
Trichoptera (kokerjuffers);306;Silo;Silo pallipes;
Trichoptera (kokerjuffers);306;Silo;Silo piceus;
Trichoptera (kokerjuffers);307;Cheumatopsyche;Cheumatopsyche lepida;
Trichoptera (kokerjuffers);307;Hydropsyche;Hydropsyche angustipennis;
Trichoptera (kokerjuffers);307;Hydropsyche;Hydropsyche bulgaromanorum;
Trichoptera (kokerjuffers);307;Hydropsyche;Hydropsyche contubernalis;
Trichoptera (kokerjuffers);307;Hydropsyche;Hydropsyche dinarica;
Trichoptera (kokerjuffers);307;Hydropsyche;Hydropsyche exocellata;
Trichoptera (kokerjuffers);307;Hydropsyche;Hydropsyche fulvipes;
Trichoptera (kokerjuffers);307;Hydropsyche;Hydropsyche guttata;
Trichoptera (kokerjuffers);307;Hydropsyche;Hydropsyche incognita;
Trichoptera (kokerjuffers);307;Hydropsyche;Hydropsyche instabilis;
Trichoptera (kokerjuffers);307;Hydropsyche;Hydropsyche modesta;
Trichoptera (kokerjuffers);307;Hydropsyche;Hydropsyche ornatula;
Trichoptera (kokerjuffers);307;Hydropsyche;Hydropsyche pellucidula;
Trichoptera (kokerjuffers);307;Hydropsyche;Hydropsyche saxonica;
Trichoptera (kokerjuffers);307;Hydropsyche;Hydropsyche siltalai;
Trichoptera (kokerjuffers);307;Hydropsychidae;Cheumatopsyche;
Trichoptera (kokerjuffers);307;Hydropsychidae;Hydropsyche;
Trichoptera (kokerjuffers);307;Hydropsychidae;Hydropsychidae;
Trichoptera (kokerjuffers);308;Agraylea;Agraylea multipunctata;
Trichoptera (kokerjuffers);308;Agraylea;Agraylea sexmaculata;
Trichoptera (kokerjuffers);308;Hydroptila;Hydroptila cornuta;
Trichoptera (kokerjuffers);308;Hydroptila;Hydroptila dampfi;
Trichoptera (kokerjuffers);308;Hydroptila;Hydroptila pulchricornis;
Trichoptera (kokerjuffers);308;Hydroptila;Hydroptila simulans;
Trichoptera (kokerjuffers);308;Hydroptila;Hydroptila sparsa;
Trichoptera (kokerjuffers);308;Hydroptila;Hydroptila tineoides;
Trichoptera (kokerjuffers);308;Hydroptila;Hydroptila vectis;
Trichoptera (kokerjuffers);308;Hydroptilidae;Agraylea;
Trichoptera (kokerjuffers);308;Hydroptilidae;Hydroptila;
Trichoptera (kokerjuffers);308;Hydroptilidae;Hydroptilidae;
Trichoptera (kokerjuffers);308;Hydroptilidae;Ithytrichia;
Trichoptera (kokerjuffers);308;Hydroptilidae;Orthotrichia;
Trichoptera (kokerjuffers);308;Hydroptilidae;Oxyethira;
Trichoptera (kokerjuffers);308;Hydroptilidae;Ptilocolepus;
Trichoptera (kokerjuffers);308;Hydroptilidae;Tricholeiochiton;
Trichoptera (kokerjuffers);308;Ithytrichia;Ithytrichia lamellaris;
Trichoptera (kokerjuffers);308;Orthotrichia;Orthotrichia angustella;
Trichoptera (kokerjuffers);308;Orthotrichia;Orthotrichia costalis;
Trichoptera (kokerjuffers);308;Oxyethira;Oxyethira falcata;
Trichoptera (kokerjuffers);308;Oxyethira;Oxyethira flavicornis;
Trichoptera (kokerjuffers);308;Oxyethira;Oxyethira simplex;
Trichoptera (kokerjuffers);308;Oxyethira;Oxyethira tristella;
Trichoptera (kokerjuffers);308;Ptilocolepus;Ptilocolepus granulatus;
Trichoptera (kokerjuffers);308;Tricholeiochiton;Tricholeiochiton fagesii;
Trichoptera (kokerjuffers);309;Crunoecia;Crunoecia irrorata;
Trichoptera (kokerjuffers);309;Lasiocephala;Lasiocephala basalis;
Trichoptera (kokerjuffers);309;Lepidostoma;Lepidostoma hirtum;
Trichoptera (kokerjuffers);309;Lepidostomatidae;Crunoecia;
Trichoptera (kokerjuffers);309;Lepidostomatidae;Lasiocephala;
Trichoptera (kokerjuffers);309;Lepidostomatidae;Lepidostoma;
Trichoptera (kokerjuffers);309;Lepidostomatidae;Lepidostomatidae;
Trichoptera (kokerjuffers);310;Adicella;Adicella filicornis;
Trichoptera (kokerjuffers);310;Adicella;Adicella reducta;
Trichoptera (kokerjuffers);310;Athripsodes;Athripsodes albifrons;
Trichoptera (kokerjuffers);310;Athripsodes;Athripsodes aterrimus;
Trichoptera (kokerjuffers);310;Athripsodes;Athripsodes bilineatus;
Trichoptera (kokerjuffers);310;Athripsodes;Athripsodes cinereus;
Trichoptera (kokerjuffers);310;Ceraclea;Ceraclea albimacula;
Trichoptera (kokerjuffers);310;Ceraclea;Ceraclea annulicornis;
Trichoptera (kokerjuffers);310;Ceraclea;Ceraclea dissimilis;
Trichoptera (kokerjuffers);310;Ceraclea;Ceraclea fulva;
Trichoptera (kokerjuffers);310;Ceraclea;Ceraclea nigronervosa;
Trichoptera (kokerjuffers);310;Ceraclea;Ceraclea riparia;
Trichoptera (kokerjuffers);310;Ceraclea;Ceraclea senilis;
Trichoptera (kokerjuffers);310;Erotesis;Erotesis baltica;
Trichoptera (kokerjuffers);310;Leptoceridae;Adicella;
Trichoptera (kokerjuffers);310;Leptoceridae;Athripsodes;
Trichoptera (kokerjuffers);310;Leptoceridae;Ceraclea;
Trichoptera (kokerjuffers);310;Leptoceridae;Erotesis;
Trichoptera (kokerjuffers);310;Leptoceridae;Leptoceridae;
Trichoptera (kokerjuffers);310;Leptoceridae;Leptocerus;
Trichoptera (kokerjuffers);310;Leptoceridae;Mystacides;
Trichoptera (kokerjuffers);310;Leptoceridae;Oecetis;
Trichoptera (kokerjuffers);310;Leptoceridae;Setodes;
Trichoptera (kokerjuffers);310;Leptoceridae;Triaenodes;
Trichoptera (kokerjuffers);310;Leptoceridae;Ylodes;
Trichoptera (kokerjuffers);310;Leptocerus;Leptocerus interruptus;
Trichoptera (kokerjuffers);310;Leptocerus;Leptocerus tineiformis;
Trichoptera (kokerjuffers);310;Mystacides;Mystacides azureus;
Trichoptera (kokerjuffers);310;Mystacides;Mystacides longicornis;
Trichoptera (kokerjuffers);310;Mystacides;Mystacides niger;
Trichoptera (kokerjuffers);310;Oecetis;Oecetis furva;
Trichoptera (kokerjuffers);310;Oecetis;Oecetis lacustris;
Trichoptera (kokerjuffers);310;Oecetis;Oecetis notata;
Trichoptera (kokerjuffers);310;Oecetis;Oecetis ochracea;
Trichoptera (kokerjuffers);310;Oecetis;Oecetis struckii;
Trichoptera (kokerjuffers);310;Oecetis;Oecetis testacea;
Trichoptera (kokerjuffers);310;Oecetis;Oecetis tripunctata;
Trichoptera (kokerjuffers);310;Setodes;Setodes argentipunctellus;
Trichoptera (kokerjuffers);310;Setodes;Setodes punctatus;
Trichoptera (kokerjuffers);310;Setodes;Setodes viridis;
Trichoptera (kokerjuffers);310;Triaenodes;Triaenodes bicolor;
Trichoptera (kokerjuffers);310;Ylodes;Ylodes reuteri;
Trichoptera (kokerjuffers);310;Ylodes;Ylodes simulans;
Trichoptera (kokerjuffers);311;Allogamus;Allogamus auricollis;
Trichoptera (kokerjuffers);311;Anabolia;Anabolia brevipennis;
Trichoptera (kokerjuffers);311;Anabolia;Anabolia nervosa;
Trichoptera (kokerjuffers);311;Annitella;Annitella obscurata;
Trichoptera (kokerjuffers);311;Chaetopteryx;Chaetopteryx major;
Trichoptera (kokerjuffers);311;Chaetopteryx;Chaetopteryx villosa;
Trichoptera (kokerjuffers);311;Drusus;Drusus annulatus;
Trichoptera (kokerjuffers);311;Drusus;Drusus biguttatus;
Trichoptera (kokerjuffers);311;Drusus;Drusus trifidus;
Trichoptera (kokerjuffers);311;Enoicyla;Enoicyla pusilla;
Trichoptera (kokerjuffers);311;Glyphotaelius;Glyphotaelius pellucidus;
Trichoptera (kokerjuffers);311;Grammotaulius;Grammotaulius nigropunctatus;
Trichoptera (kokerjuffers);311;Grammotaulius;Grammotaulius nitidus;
Trichoptera (kokerjuffers);311;Grammotaulius;Grammotaulius submaculatus;
Trichoptera (kokerjuffers);311;Halesus;Halesus digitatus;
Trichoptera (kokerjuffers);311;Halesus;Halesus radiatus;
Trichoptera (kokerjuffers);311;Halesus;Halesus tesselatus;
Trichoptera (kokerjuffers);311;Hydatophylax;Hydatophylax infumatus;
Trichoptera (kokerjuffers);311;Ironoquia;Ironoquia dubia;
Trichoptera (kokerjuffers);311;Limnephilidae;Allogamus;
Trichoptera (kokerjuffers);311;Limnephilidae;Anabolia;
Trichoptera (kokerjuffers);311;Limnephilidae;Annitella;
Trichoptera (kokerjuffers);311;Limnephilidae;Chaetopteryx;
Trichoptera (kokerjuffers);311;Limnephilidae;Drusus;
Trichoptera (kokerjuffers);311;Limnephilidae;Enoicyla;
Trichoptera (kokerjuffers);311;Limnephilidae;Glyphotaelius;
Trichoptera (kokerjuffers);311;Limnephilidae;Grammotaulius;
Trichoptera (kokerjuffers);311;Limnephilidae;Halesus;
Trichoptera (kokerjuffers);311;Limnephilidae;Hydatophylax;
Trichoptera (kokerjuffers);311;Limnephilidae;Ironoquia;
Trichoptera (kokerjuffers);311;Limnephilidae;Limnephilidae;
Trichoptera (kokerjuffers);311;Limnephilidae;Limnephilus;
Trichoptera (kokerjuffers);311;Limnephilidae;Melampophylax;
Trichoptera (kokerjuffers);311;Limnephilidae;Mesophylax;
Trichoptera (kokerjuffers);311;Limnephilidae;Micropterna;
Trichoptera (kokerjuffers);311;Limnephilidae;Parachiona;
Trichoptera (kokerjuffers);311;Limnephilidae;Potamophylax;
Trichoptera (kokerjuffers);311;Limnephilidae;Rhadicoleptus;
Trichoptera (kokerjuffers);311;Limnephilidae;Stenophylax;
Trichoptera (kokerjuffers);311;Limnephilus;Limnephilus affinis;
Trichoptera (kokerjuffers);311;Limnephilus;Limnephilus affinis/incisus;
Trichoptera (kokerjuffers);311;Limnephilus;Limnephilus auricula;
Trichoptera (kokerjuffers);311;Limnephilus;Limnephilus binotatus;
Trichoptera (kokerjuffers);311;Limnephilus;Limnephilus bipunctatus;
Trichoptera (kokerjuffers);311;Limnephilus;Limnephilus borealis;
Trichoptera (kokerjuffers);311;Limnephilus;Limnephilus centralis;
Trichoptera (kokerjuffers);311;Limnephilus;Limnephilus coenosus;
Trichoptera (kokerjuffers);311;Limnephilus;Limnephilus decipiens;
Trichoptera (kokerjuffers);311;Limnephilus;Limnephilus elegans;
Trichoptera (kokerjuffers);311;Limnephilus;Limnephilus extricatus;
Trichoptera (kokerjuffers);311;Limnephilus;Limnephilus flavicornis;
Trichoptera (kokerjuffers);311;Limnephilus;Limnephilus flavicornis/marmoratus;
Trichoptera (kokerjuffers);311;Limnephilus;Limnephilus fuscicornis;
Trichoptera (kokerjuffers);311;Limnephilus;Limnephilus griseus;
Trichoptera (kokerjuffers);311;Limnephilus;Limnephilus hirsutus;
Trichoptera (kokerjuffers);311;Limnephilus;Limnephilus ignavus;
Trichoptera (kokerjuffers);311;Limnephilus;Limnephilus incisus;
Trichoptera (kokerjuffers);311;Limnephilus;Limnephilus lunatus;
Trichoptera (kokerjuffers);311;Limnephilus;Limnephilus luridus;
Trichoptera (kokerjuffers);311;Limnephilus;Limnephilus marmoratus;
Trichoptera (kokerjuffers);311;Limnephilus;Limnephilus nigriceps;
Trichoptera (kokerjuffers);311;Limnephilus;Limnephilus politus;
Trichoptera (kokerjuffers);311;Limnephilus;Limnephilus rhombicus;
Trichoptera (kokerjuffers);311;Limnephilus;Limnephilus sparsus;
Trichoptera (kokerjuffers);311;Limnephilus;Limnephilus stigma;
Trichoptera (kokerjuffers);311;Limnephilus;Limnephilus subcentralis;
Trichoptera (kokerjuffers);311;Limnephilus;Limnephilus vittatus;
Trichoptera (kokerjuffers);311;Melampophylax;Melampophylax mucoreus;
Trichoptera (kokerjuffers);311;Mesophylax;Mesophylax impunctatus;
Trichoptera (kokerjuffers);311;Micropterna;Micropterna lateralis;
Trichoptera (kokerjuffers);311;Micropterna;Micropterna sequax;
Trichoptera (kokerjuffers);311;Parachiona;Parachiona picicornis;
Trichoptera (kokerjuffers);311;Potamophylax;Potamophylax cingulatus;
Trichoptera (kokerjuffers);311;Potamophylax;Potamophylax latipennis;
Trichoptera (kokerjuffers);311;Potamophylax;Potamophylax luctuosus;
Trichoptera (kokerjuffers);311;Potamophylax;Potamophylax nigricornis;
Trichoptera (kokerjuffers);311;Potamophylax;Potamophylax rotundipennis;
Trichoptera (kokerjuffers);311;Rhadicoleptus;Rhadicoleptus alpestris;
Trichoptera (kokerjuffers);311;Stenophylax;Stenophylax permistus;
Trichoptera (kokerjuffers);312;Molanna;Molanna albicans;
Trichoptera (kokerjuffers);312;Molanna;Molanna angustata;
Trichoptera (kokerjuffers);312;Molannidae;Molanna;
Trichoptera (kokerjuffers);312;Molannidae;Molannidae;
Trichoptera (kokerjuffers);312;Molannidae;Molannodes;
Trichoptera (kokerjuffers);312;Molannodes;Molannodes tinctus;
Trichoptera (kokerjuffers);313;Odontoceridae;Odontoceridae;
Trichoptera (kokerjuffers);313;Odontoceridae;Odontocerum;
Trichoptera (kokerjuffers);313;Odontocerum;Odontocerum albicorne;
Trichoptera (kokerjuffers);314;Chimarra;Chimarra marginata;
Trichoptera (kokerjuffers);314;Philopotamidae;Chimarra;
Trichoptera (kokerjuffers);314;Philopotamidae;Philopotamidae;
Trichoptera (kokerjuffers);314;Philopotamidae;Wormaldia;
Trichoptera (kokerjuffers);314;Wormaldia;Wormaldia occipitalis;
Trichoptera (kokerjuffers);314;Wormaldia;Wormaldia subnigra;
Trichoptera (kokerjuffers);315;Agrypnia;Agrypnia obsoleta;
Trichoptera (kokerjuffers);315;Agrypnia;Agrypnia pagetana;
Trichoptera (kokerjuffers);315;Agrypnia;Agrypnia varia;
Trichoptera (kokerjuffers);315;Hagenella;Hagenella clathrata;
Trichoptera (kokerjuffers);315;Oligostomis;Oligostomis reticulata;
Trichoptera (kokerjuffers);315;Oligotricha;Oligotricha striata;
Trichoptera (kokerjuffers);315;Phryganea;Phryganea bipunctata;
Trichoptera (kokerjuffers);315;Phryganea;Phryganea grandis;
Trichoptera (kokerjuffers);315;Phryganeidae;Agrypnia;
Trichoptera (kokerjuffers);315;Phryganeidae;Hagenella;
Trichoptera (kokerjuffers);315;Phryganeidae;Oligostomis;
Trichoptera (kokerjuffers);315;Phryganeidae;Oligotricha;
Trichoptera (kokerjuffers);315;Phryganeidae;Phryganea;
Trichoptera (kokerjuffers);315;Phryganeidae;Phryganeidae;
Trichoptera (kokerjuffers);315;Phryganeidae;Trichostegia;
Trichoptera (kokerjuffers);315;Trichostegia;Trichostegia minor;
Trichoptera (kokerjuffers);316;Cyrnus;Cyrnus crenaticornis;
Trichoptera (kokerjuffers);316;Cyrnus;Cyrnus flavidus;
Trichoptera (kokerjuffers);316;Cyrnus;Cyrnus insolutus;
Trichoptera (kokerjuffers);316;Cyrnus;Cyrnus trimaculatus;
Trichoptera (kokerjuffers);316;Holocentropus;Holocentropus dubius;
Trichoptera (kokerjuffers);316;Holocentropus;Holocentropus insignis;
Trichoptera (kokerjuffers);316;Holocentropus;Holocentropus picicornis;
Trichoptera (kokerjuffers);316;Holocentropus;Holocentropus stagnalis;
Trichoptera (kokerjuffers);316;Lype;Lype phaeopa;
Trichoptera (kokerjuffers);316;Lype;Lype reducta;
Trichoptera (kokerjuffers);316;Neureclipsis;Neureclipsis bimaculata;
Trichoptera (kokerjuffers);316;Plectrocnemia;Plectrocnemia brevis;
Trichoptera (kokerjuffers);316;Plectrocnemia;Plectrocnemia conspersa;
Trichoptera (kokerjuffers);316;Plectrocnemia;Plectrocnemia geniculata;
Trichoptera (kokerjuffers);316;Polycentropodidae;Cyrnus;
Trichoptera (kokerjuffers);316;Polycentropodidae;Holocentropus;
Trichoptera (kokerjuffers);316;Polycentropodidae;Lype;
Trichoptera (kokerjuffers);316;Polycentropodidae;Neureclipsis;
Trichoptera (kokerjuffers);316;Polycentropodidae;Plectrocnemia;
Trichoptera (kokerjuffers);316;Polycentropodidae;Polycentropodidae;
Trichoptera (kokerjuffers);316;Polycentropodidae;Polycentropus;
Trichoptera (kokerjuffers);316;Polycentropodidae;Psychomyia;
Trichoptera (kokerjuffers);316;Polycentropodidae;Tinodes;
Trichoptera (kokerjuffers);316;Polycentropus;Polycentropus flavomaculatus;
Trichoptera (kokerjuffers);316;Polycentropus;Polycentropus irroratus;
Trichoptera (kokerjuffers);316;Psychomyia;Psychomyia pusilla;
Trichoptera (kokerjuffers);316;Tinodes;Tinodes assimilis;
Trichoptera (kokerjuffers);316;Tinodes;Tinodes maculicornis;
Trichoptera (kokerjuffers);316;Tinodes;Tinodes pallidulus;
Trichoptera (kokerjuffers);316;Tinodes;Tinodes rostocki;
Trichoptera (kokerjuffers);316;Tinodes;Tinodes unicolor;
Trichoptera (kokerjuffers);316;Tinodes;Tinodes waeneri;
Trichoptera (kokerjuffers);317;Psychomyiidae;Psychomyiidae;
Trichoptera (kokerjuffers);319;Rhyacophila;Rhyacophila dorsalis;
Trichoptera (kokerjuffers);319;Rhyacophila;Rhyacophila fasciata;
Trichoptera (kokerjuffers);319;Rhyacophila;Rhyacophila nubila;
Trichoptera (kokerjuffers);319;Rhyacophila;Rhyacophila vulgaris;
Trichoptera (kokerjuffers);319;Rhyacophilidae;Rhyacophila;
Trichoptera (kokerjuffers);319;Rhyacophilidae;Rhyacophilidae;
Trichoptera (kokerjuffers);320;Notidobia;Notidobia ciliaris;
Trichoptera (kokerjuffers);320;Sericostoma;Sericostoma flavicorne;
Trichoptera (kokerjuffers);320;Sericostoma;Sericostoma personatum;
Trichoptera (kokerjuffers);320;Sericostomatidae;Notidobia;
Trichoptera (kokerjuffers);320;Sericostomatidae;Sericostoma;
Trichoptera (kokerjuffers);320;Sericostomatidae;Sericostomatidae;
